{
  "license": "",
  "file_hash": null,
  "name": "Machina",
  "version": "0.8.8",
  "description": "A Dynamo plugin for real-time Robot programming and control. https://github.com/RobotExMachina/Machina-Dynamo",
  "group": "",
  "keywords": ["robot", "programming", "control", "machina", "robotexmachina", "realtime", "abb", "ur", "universal", "robots", "kuka", "3d", "printing", "gcode"],
  "dependencies": [],
  "contents": "",
  "engine_version": "1.3.0.862",
  "engine": "dynamo",
  "engine_metadata": "",
  "site_url": "https://github.com/RobotExMachina/Machina-Dynamo",
  "repository_url": "https://github.com/RobotExMachina/Machina-Dynamo",
  "contains_binaries": true,
  "node_libraries": ["MachinaDynamo, Version=1.0.0.0, Culture=neutral, PublicKeyToken=null"]
}