<?xml version="1.0"?>
<migrations>
  <priorNameHint>
  	<oldName>MachinaDynamo.Actions.Zone</oldName>
  	<newName>MachinaDynamo.Actions.Precision</newName>
  </priorNameHint>
  <priorNameHint>
  	<oldName>MachinaDynamo.Actions.ZoneTo</oldName>
  	<newName>MachinaDynamo.Actions.PrecisionTo</newName>
  </priorNameHint>
  <priorNameHint>
  	<oldName>MachinaDynamo.Actions.Joints</oldName>
  	<newName>MachinaDynamo.Actions.Axes</newName>
  </priorNameHint>
  <priorNameHint>
  	<oldName>MachinaDynamo.Actions.JointsTo</oldName>
  	<newName>MachinaDynamo.Actions.AxesTo</newName>
  </priorNameHint>
  <priorNameHint>
    <oldName>MachinaDynamo.Programs.ExportCode</oldName>
    <newName>MachinaDynamo.Programs.CompileProgram</newName>
  </priorNameHint>

  <priorNameHint>
    <oldName>MachinaDynamo.Robots.Create</oldName>
    <newName>MachinaDynamo.Robots.New</newName>
  </priorNameHint>
  <priorNameHint>
    <oldName>MachinaDynamo.Tools.Create</oldName>
    <newName>MachinaDynamo.Tools.New</newName>
  </priorNameHint>
  <priorNameHint>
    <oldName>MachinaDynamo.Actions.Motion</oldName>
    <newName>MachinaDynamo.Actions.MotionMode</newName>
  </priorNameHint>
  <priorNameHint>
    <oldName>MachinaDynamo.Actions.MotionType</oldName>
    <newName>MachinaDynamo.Actions.MotionMode</newName>
  </priorNameHint>

</migrations>